1,501.6666667,0x3075BC64d402b33d9dBb06af020d948C492b0359,1000
2,630.5,0x3075BC64d402b33d9dBb06af020d948C492b0359,1000
3,690.5,0x3075BC64d402b33d9dBb06af020d948C492b0359,1000
4,747.45,0x3075BC64d402b33d9dBb06af020d948C492b0359,1000
5,787.2166667,0x3075BC64d402b33d9dBb06af020d948C492b0359,1000
6,820.3333333,0x3075BC64d402b33d9dBb06af020d948C492b0359,1000
7,870.5,0x3075BC64d402b33d9dBb06af020d948C492b0359,1000
8,971.1666667,0x3075BC64d402b33d9dBb06af020d948C492b0359,1000
9,1050.166667,0x3075BC64d402b33d9dBb06af020d948C492b0359,1000
10,1090.5,0x3075BC64d402b33d9dBb06af020d948C492b0359,1000
11,1364,0x3075BC64d402b33d9dBb06af020d948C492b0359,1000
12,1630.5,0x3075BC64d402b33d9dBb06af020d948C492b0359,1000
13,1680.333333,0x3075BC64d402b33d9dBb06af020d948C492b0359,1000
14,1761,0x3075BC64d402b33d9dBb06af020d948C492b0359,1000
15,1870.833333,0x3075BC64d402b33d9dBb06af020d948C492b0359,1000
16,1940.333333,0x3075BC64d402b33d9dBb06af020d948C492b0359,1000
17,1980.333333,0x3075BC64d402b33d9dBb06af020d948C492b0359,1000
18,1979.666667,0x3075BC64d402b33d9dBb06af020d948C492b0359,1000
19,1949.833333,0x3075BC64d402b33d9dBb06af020d948C492b0359,1000
20,1868.833333,0x3075BC64d402b33d9dBb06af020d948C492b0359,1000
21,1698.333333,0x3075BC64d402b33d9dBb06af020d948C492b0359,1000
22,1498.333333,0x3075BC64d402b33d9dBb06af020d948C492b0359,1000
23,1298.333333,0x3075BC64d402b33d9dBb06af020d948C492b0359,1000
24,501.6666667,0x3075BC64d402b33d9dBb06af020d948C492b0359,1000
25,630.5,0x3075BC64d402b33d9dBb06af020d948C492b0359,1000
26,690.5,0x3075BC64d402b33d9dBb06af020d948C492b0359,1000
27,747.45,0x3075BC64d402b33d9dBb06af020d948C492b0359,1000
28,787.2166667,0x3075BC64d402b33d9dBb06af020d948C492b0359,1000
29,820.3333333,0x3075BC64d402b33d9dBb06af020d948C492b0359,1000
30,870.5,0x3075BC64d402b33d9dBb06af020d948C492b0359,1000
31,971.1666667,0x3075BC64d402b33d9dBb06af020d948C492b0359,1000
32,1050.166667,0x3075BC64d402b33d9dBb06af020d948C492b0359,1000
33,1090.5,0x3075BC64d402b33d9dBb06af020d948C492b0359,1000
34,1364,0x3075BC64d402b33d9dBb06af020d948C492b0359,1000
35,1630.5,0x3075BC64d402b33d9dBb06af020d948C492b0359,1000
36,1680.333333,0x3075BC64d402b33d9dBb06af020d948C492b0359,1000
37,1761,0x3075BC64d402b33d9dBb06af020d948C492b0359,1000
38,1870.833333,0x3075BC64d402b33d9dBb06af020d948C492b0359,1000
39,1940.333333,0x3075BC64d402b33d9dBb06af020d948C492b0359,1000
40,1980.333333,0x3075BC64d402b33d9dBb06af020d948C492b0359,1000
41,1979.666667,0x3075BC64d402b33d9dBb06af020d948C492b0359,1000
42,1949.833333,0x3075BC64d402b33d9dBb06af020d948C492b0359,1000
43,1868.833333,0x3075BC64d402b33d9dBb06af020d948C492b0359,1000
44,1698.333333,0x3075BC64d402b33d9dBb06af020d948C492b0359,1000
45,1498.333333,0x3075BC64d402b33d9dBb06af020d948C492b0359,1000
46,1298.333333,0x3075BC64d402b33d9dBb06af020d948C492b0359,1000
47,501.6666667,0x3075BC64d402b33d9dBb06af020d948C492b0359,1000
48,630.5,0x3075BC64d402b33d9dBb06af020d948C492b0359,1000
49,690.5,0x3075BC64d402b33d9dBb06af020d948C492b0359,1000
50,747.45,0x3075BC64d402b33d9dBb06af020d948C492b0359,1000
51,787.2166667,0x3075BC64d402b33d9dBb06af020d948C492b0359,1000
52,820.3333333,0x3075BC64d402b33d9dBb06af020d948C492b0359,1000
53,870.5,0x3075BC64d402b33d9dBb06af020d948C492b0359,1000
54,971.1666667,0x3075BC64d402b33d9dBb06af020d948C492b0359,1000
55,1050.166667,0x3075BC64d402b33d9dBb06af020d948C492b0359,1000
56,1090.5,0x3075BC64d402b33d9dBb06af020d948C492b0359,1000
57,1364,0x3075BC64d402b33d9dBb06af020d948C492b0359,1000
58,1630.5,0x3075BC64d402b33d9dBb06af020d948C492b0359,1000
59,1680.333333,0x3075BC64d402b33d9dBb06af020d948C492b0359,1000
60,1761,0x3075BC64d402b33d9dBb06af020d948C492b0359,1000
61,1870.833333,0x3075BC64d402b33d9dBb06af020d948C492b0359,1000
62,1940.333333,0x3075BC64d402b33d9dBb06af020d948C492b0359,1000
63,1980.333333,0x3075BC64d402b33d9dBb06af020d948C492b0359,1000
64,1979.666667,0x3075BC64d402b33d9dBb06af020d948C492b0359,1000
65,1949.833333,0x3075BC64d402b33d9dBb06af020d948C492b0359,1000
66,1868.833333,0x3075BC64d402b33d9dBb06af020d948C492b0359,1000
67,1698.333333,0x3075BC64d402b33d9dBb06af020d948C492b0359,1000
68,1498.333333,0x3075BC64d402b33d9dBb06af020d948C492b0359,1000
69,1298.333333,0x3075BC64d402b33d9dBb06af020d948C492b0359,1000
70,501.6666667,0x3075BC64d402b33d9dBb06af020d948C492b0359,1000
71,630.5,0x3075BC64d402b33d9dBb06af020d948C492b0359,1000
72,690.5,0x3075BC64d402b33d9dBb06af020d948C492b0359,1000
73,747.45,0x3075BC64d402b33d9dBb06af020d948C492b0359,1000
74,787.2166667,0x3075BC64d402b33d9dBb06af020d948C492b0359,1000
75,820.3333333,0x3075BC64d402b33d9dBb06af020d948C492b0359,1000
76,870.5,0x3075BC64d402b33d9dBb06af020d948C492b0359,1000
77,971.1666667,0x3075BC64d402b33d9dBb06af020d948C492b0359,1000
78,1050.166667,0x3075BC64d402b33d9dBb06af020d948C492b0359,1000
79,1090.5,0x3075BC64d402b33d9dBb06af020d948C492b0359,1000
80,1364,0x3075BC64d402b33d9dBb06af020d948C492b0359,1000
81,1630.5,0x3075BC64d402b33d9dBb06af020d948C492b0359,1000
82,1680.333333,0x3075BC64d402b33d9dBb06af020d948C492b0359,1000
83,1761,0x3075BC64d402b33d9dBb06af020d948C492b0359,1000
84,1870.833333,0x3075BC64d402b33d9dBb06af020d948C492b0359,1000
85,1940.333333,0x3075BC64d402b33d9dBb06af020d948C492b0359,1000
86,1980.333333,0x3075BC64d402b33d9dBb06af020d948C492b0359,1000
87,1979.666667,0x3075BC64d402b33d9dBb06af020d948C492b0359,1000
88,1949.833333,0x3075BC64d402b33d9dBb06af020d948C492b0359,1000
89,1868.833333,0x3075BC64d402b33d9dBb06af020d948C492b0359,1000
90,1698.333333,0x3075BC64d402b33d9dBb06af020d948C492b0359,1000
91,1498.333333,0x3075BC64d402b33d9dBb06af020d948C492b0359,1000
92,1298.333333,0x3075BC64d402b33d9dBb06af020d948C492b0359,1000
93,501.6666667,0x3075BC64d402b33d9dBb06af020d948C492b0359,1000
94,630.5,0x3075BC64d402b33d9dBb06af020d948C492b0359,1000
95,690.5,0x3075BC64d402b33d9dBb06af020d948C492b0359,1000
96,747.45,0x3075BC64d402b33d9dBb06af020d948C492b0359,1000
97,787.2166667,0x3075BC64d402b33d9dBb06af020d948C492b0359,1000
98,820.3333333,0x3075BC64d402b33d9dBb06af020d948C492b0359,1000
99,870.5,0x3075BC64d402b33d9dBb06af020d948C492b0359,1000
100,971.1666667,0x3075BC64d402b33d9dBb06af020d948C492b0359,1000
101,1050.166667,0x3075BC64d402b33d9dBb06af020d948C492b0359,1000
102,1090.5,0x3075BC64d402b33d9dBb06af020d948C492b0359,1000
103,1364,0x3075BC64d402b33d9dBb06af020d948C492b0359,1000
104,1630.5,0x3075BC64d402b33d9dBb06af020d948C492b0359,1000
105,1680.333333,0x3075BC64d402b33d9dBb06af020d948C492b0359,1000
106,1761,0x3075BC64d402b33d9dBb06af020d948C492b0359,1000
107,1870.833333,0x3075BC64d402b33d9dBb06af020d948C492b0359,1000
108,1940.333333,0x3075BC64d402b33d9dBb06af020d948C492b0359,1000
109,1980.333333,0x3075BC64d402b33d9dBb06af020d948C492b0359,1000
110,1979.666667,0x3075BC64d402b33d9dBb06af020d948C492b0359,1000
111,1949.833333,0x3075BC64d402b33d9dBb06af020d948C492b0359,1000
112,1868.833333,0x3075BC64d402b33d9dBb06af020d948C492b0359,1000
113,1698.333333,0x3075BC64d402b33d9dBb06af020d948C492b0359,1000
114,1498.333333,0x3075BC64d402b33d9dBb06af020d948C492b0359,1000
115,1298.333333,0x3075BC64d402b33d9dBb06af020d948C492b0359,1000
116,501.6666667,0x3075BC64d402b33d9dBb06af020d948C492b0359,1000
117,630.5,0x3075BC64d402b33d9dBb06af020d948C492b0359,1000
118,690.5,0x3075BC64d402b33d9dBb06af020d948C492b0359,1000
119,747.45,0x3075BC64d402b33d9dBb06af020d948C492b0359,1000
120,787.2166667,0x3075BC64d402b33d9dBb06af020d948C492b0359,1000
121,820.3333333,0x3075BC64d402b33d9dBb06af020d948C492b0359,1000
122,870.5,0x3075BC64d402b33d9dBb06af020d948C492b0359,1000
123,971.1666667,0x3075BC64d402b33d9dBb06af020d948C492b0359,1000
124,1050.166667,0x3075BC64d402b33d9dBb06af020d948C492b0359,1000
125,1090.5,0x3075BC64d402b33d9dBb06af020d948C492b0359,1000
126,1364,0x3075BC64d402b33d9dBb06af020d948C492b0359,1000
127,1630.5,0x3075BC64d402b33d9dBb06af020d948C492b0359,1000
128,1680.333333,0x3075BC64d402b33d9dBb06af020d948C492b0359,1000
129,1761,0x3075BC64d402b33d9dBb06af020d948C492b0359,1000
130,1870.833333,0x3075BC64d402b33d9dBb06af020d948C492b0359,1000
131,1940.333333,0x3075BC64d402b33d9dBb06af020d948C492b0359,1000
132,1980.333333,0x3075BC64d402b33d9dBb06af020d948C492b0359,1000
133,1979.666667,0x3075BC64d402b33d9dBb06af020d948C492b0359,1000
134,1949.833333,0x3075BC64d402b33d9dBb06af020d948C492b0359,1000
135,1868.833333,0x3075BC64d402b33d9dBb06af020d948C492b0359,1000
136,1698.333333,0x3075BC64d402b33d9dBb06af020d948C492b0359,1000
137,1498.333333,0x3075BC64d402b33d9dBb06af020d948C492b0359,1000
138,1298.333333,0x3075BC64d402b33d9dBb06af020d948C492b0359,1000
139,501.6666667,0x3075BC64d402b33d9dBb06af020d948C492b0359,1000
140,630.5,0x3075BC64d402b33d9dBb06af020d948C492b0359,1000
141,690.5,0x3075BC64d402b33d9dBb06af020d948C492b0359,1000
142,747.45,0x3075BC64d402b33d9dBb06af020d948C492b0359,1000
143,787.2166667,0x3075BC64d402b33d9dBb06af020d948C492b0359,1000
144,820.3333333,0x3075BC64d402b33d9dBb06af020d948C492b0359,1000
145,870.5,0x3075BC64d402b33d9dBb06af020d948C492b0359,1000
146,971.1666667,0x3075BC64d402b33d9dBb06af020d948C492b0359,1000
147,1050.166667,0x3075BC64d402b33d9dBb06af020d948C492b0359,1000
148,1090.5,0x3075BC64d402b33d9dBb06af020d948C492b0359,1000
149,1364,0x3075BC64d402b33d9dBb06af020d948C492b0359,1000
150,1630.5,0x3075BC64d402b33d9dBb06af020d948C492b0359,1000
151,1680.333333,0x3075BC64d402b33d9dBb06af020d948C492b0359,1000
152,1761,0x3075BC64d402b33d9dBb06af020d948C492b0359,1000
153,1870.833333,0x3075BC64d402b33d9dBb06af020d948C492b0359,1000
154,1940.333333,0x3075BC64d402b33d9dBb06af020d948C492b0359,1000
155,1980.333333,0x3075BC64d402b33d9dBb06af020d948C492b0359,1000
156,1979.666667,0x3075BC64d402b33d9dBb06af020d948C492b0359,1000
157,1949.833333,0x3075BC64d402b33d9dBb06af020d948C492b0359,1000
158,1868.833333,0x3075BC64d402b33d9dBb06af020d948C492b0359,1000
159,1698.333333,0x3075BC64d402b33d9dBb06af020d948C492b0359,1000
160,1498.333333,0x3075BC64d402b33d9dBb06af020d948C492b0359,1000
161,1298.333333,0x3075BC64d402b33d9dBb06af020d948C492b0359,1000
162,501.6666667,0x3075BC64d402b33d9dBb06af020d948C492b0359,1000
163,630.5,0x3075BC64d402b33d9dBb06af020d948C492b0359,1000
164,690.5,0x3075BC64d402b33d9dBb06af020d948C492b0359,1000
165,747.45,0x3075BC64d402b33d9dBb06af020d948C492b0359,1000
166,787.2166667,0x3075BC64d402b33d9dBb06af020d948C492b0359,1000
167,820.3333333,0x3075BC64d402b33d9dBb06af020d948C492b0359,1000
168,870.5,0x3075BC64d402b33d9dBb06af020d948C492b0359,1000
169,971.1666667,0x3075BC64d402b33d9dBb06af020d948C492b0359,1000
170,1050.166667,0x3075BC64d402b33d9dBb06af020d948C492b0359,1000
171,1090.5,0x3075BC64d402b33d9dBb06af020d948C492b0359,1000
172,1364,0x3075BC64d402b33d9dBb06af020d948C492b0359,1000
173,1630.5,0x3075BC64d402b33d9dBb06af020d948C492b0359,1000
174,1680.333333,0x3075BC64d402b33d9dBb06af020d948C492b0359,1000
175,1761,0x3075BC64d402b33d9dBb06af020d948C492b0359,1000
176,1870.833333,0x3075BC64d402b33d9dBb06af020d948C492b0359,1000
177,1940.333333,0x3075BC64d402b33d9dBb06af020d948C492b0359,1000
178,1980.333333,0x3075BC64d402b33d9dBb06af020d948C492b0359,1000
179,1979.666667,0x3075BC64d402b33d9dBb06af020d948C492b0359,1000
180,1949.833333,0x3075BC64d402b33d9dBb06af020d948C492b0359,1000
181,1868.833333,0x3075BC64d402b33d9dBb06af020d948C492b0359,1000
182,1698.333333,0x3075BC64d402b33d9dBb06af020d948C492b0359,1000
183,1498.333333,0x3075BC64d402b33d9dBb06af020d948C492b0359,1000
184,1298.333333,0x3075BC64d402b33d9dBb06af020d948C492b0359,1000
185,501.6666667,0x3075BC64d402b33d9dBb06af020d948C492b0359,1000
186,630.5,0x3075BC64d402b33d9dBb06af020d948C492b0359,1000
187,690.5,0x3075BC64d402b33d9dBb06af020d948C492b0359,1000
188,747.45,0x3075BC64d402b33d9dBb06af020d948C492b0359,1000
189,787.2166667,0x3075BC64d402b33d9dBb06af020d948C492b0359,1000
190,820.3333333,0x3075BC64d402b33d9dBb06af020d948C492b0359,1000
191,870.5,0x3075BC64d402b33d9dBb06af020d948C492b0359,1000
192,971.1666667,0x3075BC64d402b33d9dBb06af020d948C492b0359,1000
193,1050.166667,0x3075BC64d402b33d9dBb06af020d948C492b0359,1000
194,1090.5,0x3075BC64d402b33d9dBb06af020d948C492b0359,1000
195,1364,0x3075BC64d402b33d9dBb06af020d948C492b0359,1000
196,1630.5,0x3075BC64d402b33d9dBb06af020d948C492b0359,1000
197,1680.333333,0x3075BC64d402b33d9dBb06af020d948C492b0359,1000
198,1761,0x3075BC64d402b33d9dBb06af020d948C492b0359,1000
199,1870.833333,0x3075BC64d402b33d9dBb06af020d948C492b0359,1000
200,1940.333333,0x3075BC64d402b33d9dBb06af020d948C492b0359,1000
201,1980.333333,0x3075BC64d402b33d9dBb06af020d948C492b0359,1000
202,1979.666667,0x3075BC64d402b33d9dBb06af020d948C492b0359,1000
203,1949.833333,0x3075BC64d402b33d9dBb06af020d948C492b0359,1000
204,1868.833333,0x3075BC64d402b33d9dBb06af020d948C492b0359,1000
205,1698.333333,0x3075BC64d402b33d9dBb06af020d948C492b0359,1000
206,1498.333333,0x3075BC64d402b33d9dBb06af020d948C492b0359,1000
207,1298.333333,0x3075BC64d402b33d9dBb06af020d948C492b0359,1000
208,501.6666667,0x3075BC64d402b33d9dBb06af020d948C492b0359,1000
209,630.5,0x3075BC64d402b33d9dBb06af020d948C492b0359,1000
210,690.5,0x3075BC64d402b33d9dBb06af020d948C492b0359,1000
211,747.45,0x3075BC64d402b33d9dBb06af020d948C492b0359,1000
212,787.2166667,0x3075BC64d402b33d9dBb06af020d948C492b0359,1000
213,820.3333333,0x3075BC64d402b33d9dBb06af020d948C492b0359,1000
214,870.5,0x3075BC64d402b33d9dBb06af020d948C492b0359,1000
215,971.1666667,0x3075BC64d402b33d9dBb06af020d948C492b0359,1000
216,1050.166667,0x3075BC64d402b33d9dBb06af020d948C492b0359,1000
217,1090.5,0x3075BC64d402b33d9dBb06af020d948C492b0359,1000
218,1364,0x3075BC64d402b33d9dBb06af020d948C492b0359,1000
219,1630.5,0x3075BC64d402b33d9dBb06af020d948C492b0359,1000
220,1680.333333,0x3075BC64d402b33d9dBb06af020d948C492b0359,1000
221,1761,0x3075BC64d402b33d9dBb06af020d948C492b0359,1000
222,1870.833333,0x3075BC64d402b33d9dBb06af020d948C492b0359,1000
223,1940.333333,0x3075BC64d402b33d9dBb06af020d948C492b0359,1000
224,1980.333333,0x3075BC64d402b33d9dBb06af020d948C492b0359,1000
225,1979.666667,0x3075BC64d402b33d9dBb06af020d948C492b0359,1000
226,1949.833333,0x3075BC64d402b33d9dBb06af020d948C492b0359,1000
227,1868.833333,0x3075BC64d402b33d9dBb06af020d948C492b0359,1000
228,1698.333333,0x3075BC64d402b33d9dBb06af020d948C492b0359,1000
229,1498.333333,0x3075BC64d402b33d9dBb06af020d948C492b0359,1000
230,1298.333333,0x3075BC64d402b33d9dBb06af020d948C492b0359,1000
231,501.6666667,0x3075BC64d402b33d9dBb06af020d948C492b0359,1000
232,630.5,0x3075BC64d402b33d9dBb06af020d948C492b0359,1000
233,690.5,0x3075BC64d402b33d9dBb06af020d948C492b0359,1000
234,747.45,0x3075BC64d402b33d9dBb06af020d948C492b0359,1000
235,787.2166667,0x3075BC64d402b33d9dBb06af020d948C492b0359,1000
236,820.3333333,0x3075BC64d402b33d9dBb06af020d948C492b0359,1000
237,870.5,0x3075BC64d402b33d9dBb06af020d948C492b0359,1000
238,971.1666667,0x3075BC64d402b33d9dBb06af020d948C492b0359,1000
239,1050.166667,0x3075BC64d402b33d9dBb06af020d948C492b0359,1000
240,1090.5,0x3075BC64d402b33d9dBb06af020d948C492b0359,1000
241,1364,0x3075BC64d402b33d9dBb06af020d948C492b0359,1000
242,1630.5,0x3075BC64d402b33d9dBb06af020d948C492b0359,1000
243,1680.333333,0x3075BC64d402b33d9dBb06af020d948C492b0359,1000
244,1761,0x3075BC64d402b33d9dBb06af020d948C492b0359,1000
245,1870.833333,0x3075BC64d402b33d9dBb06af020d948C492b0359,1000
246,1940.333333,0x3075BC64d402b33d9dBb06af020d948C492b0359,1000
247,1980.333333,0x3075BC64d402b33d9dBb06af020d948C492b0359,1000
248,1979.666667,0x3075BC64d402b33d9dBb06af020d948C492b0359,1000
249,1949.833333,0x3075BC64d402b33d9dBb06af020d948C492b0359,1000
250,1868.833333,0x3075BC64d402b33d9dBb06af020d948C492b0359,1000
251,1698.333333,0x3075BC64d402b33d9dBb06af020d948C492b0359,1000
252,1498.333333,0x3075BC64d402b33d9dBb06af020d948C492b0359,1000
253,1298.333333,0x3075BC64d402b33d9dBb06af020d948C492b0359,1000
254,501.6666667,0x3075BC64d402b33d9dBb06af020d948C492b0359,1000
255,630.5,0x3075BC64d402b33d9dBb06af020d948C492b0359,1000
256,690.5,0x3075BC64d402b33d9dBb06af020d948C492b0359,1000
257,747.45,0x3075BC64d402b33d9dBb06af020d948C492b0359,1000
258,787.2166667,0x3075BC64d402b33d9dBb06af020d948C492b0359,1000
259,820.3333333,0x3075BC64d402b33d9dBb06af020d948C492b0359,1000
260,870.5,0x3075BC64d402b33d9dBb06af020d948C492b0359,1000
261,971.1666667,0x3075BC64d402b33d9dBb06af020d948C492b0359,1000
262,1050.166667,0x3075BC64d402b33d9dBb06af020d948C492b0359,1000
263,1090.5,0x3075BC64d402b33d9dBb06af020d948C492b0359,1000
264,1364,0x3075BC64d402b33d9dBb06af020d948C492b0359,1000
265,1630.5,0x3075BC64d402b33d9dBb06af020d948C492b0359,1000
266,1680.333333,0x3075BC64d402b33d9dBb06af020d948C492b0359,1000
267,1761,0x3075BC64d402b33d9dBb06af020d948C492b0359,1000
268,1870.833333,0x3075BC64d402b33d9dBb06af020d948C492b0359,1000
269,1940.333333,0x3075BC64d402b33d9dBb06af020d948C492b0359,1000
270,1980.333333,0x3075BC64d402b33d9dBb06af020d948C492b0359,1000
271,1979.666667,0x3075BC64d402b33d9dBb06af020d948C492b0359,1000
272,1949.833333,0x3075BC64d402b33d9dBb06af020d948C492b0359,1000
273,1868.833333,0x3075BC64d402b33d9dBb06af020d948C492b0359,1000
274,1698.333333,0x3075BC64d402b33d9dBb06af020d948C492b0359,1000
275,1498.333333,0x3075BC64d402b33d9dBb06af020d948C492b0359,1000
276,1298.333333,0x3075BC64d402b33d9dBb06af020d948C492b0359,1000
277,501.6666667,0x3075BC64d402b33d9dBb06af020d948C492b0359,1000
278,630.5,0x3075BC64d402b33d9dBb06af020d948C492b0359,1000
279,690.5,0x3075BC64d402b33d9dBb06af020d948C492b0359,1000
280,747.45,0x3075BC64d402b33d9dBb06af020d948C492b0359,1000
281,787.2166667,0x3075BC64d402b33d9dBb06af020d948C492b0359,1000
282,820.3333333,0x3075BC64d402b33d9dBb06af020d948C492b0359,1000
283,870.5,0x3075BC64d402b33d9dBb06af020d948C492b0359,1000
284,971.1666667,0x3075BC64d402b33d9dBb06af020d948C492b0359,1000
285,1050.166667,0x3075BC64d402b33d9dBb06af020d948C492b0359,1000
286,1090.5,0x3075BC64d402b33d9dBb06af020d948C492b0359,1000
287,1364,0x3075BC64d402b33d9dBb06af020d948C492b0359,1000
288,1630.5,0x3075BC64d402b33d9dBb06af020d948C492b0359,1000
289,1680.333333,0x3075BC64d402b33d9dBb06af020d948C492b0359,1000
290,1761,0x3075BC64d402b33d9dBb06af020d948C492b0359,1000
291,1870.833333,0x3075BC64d402b33d9dBb06af020d948C492b0359,1000
292,1940.333333,0x3075BC64d402b33d9dBb06af020d948C492b0359,1000
293,1980.333333,0x3075BC64d402b33d9dBb06af020d948C492b0359,1000
294,1979.666667,0x3075BC64d402b33d9dBb06af020d948C492b0359,1000
295,1949.833333,0x3075BC64d402b33d9dBb06af020d948C492b0359,1000
296,1868.833333,0x3075BC64d402b33d9dBb06af020d948C492b0359,1000
297,1698.333333,0x3075BC64d402b33d9dBb06af020d948C492b0359,1000
298,1498.333333,0x3075BC64d402b33d9dBb06af020d948C492b0359,1000
299,1298.333333,0x3075BC64d402b33d9dBb06af020d948C492b0359,1000
300,501.6666667,0x3075BC64d402b33d9dBb06af020d948C492b0359,1000
301,630.5,0x3075BC64d402b33d9dBb06af020d948C492b0359,1000
302,690.5,0x3075BC64d402b33d9dBb06af020d948C492b0359,1000
303,747.45,0x3075BC64d402b33d9dBb06af020d948C492b0359,1000
304,787.2166667,0x3075BC64d402b33d9dBb06af020d948C492b0359,1000
305,820.3333333,0x3075BC64d402b33d9dBb06af020d948C492b0359,1000
306,870.5,0x3075BC64d402b33d9dBb06af020d948C492b0359,1000
307,971.1666667,0x3075BC64d402b33d9dBb06af020d948C492b0359,1000
308,1050.166667,0x3075BC64d402b33d9dBb06af020d948C492b0359,1000
309,1090.5,0x3075BC64d402b33d9dBb06af020d948C492b0359,1000
310,1364,0x3075BC64d402b33d9dBb06af020d948C492b0359,1000
311,1630.5,0x3075BC64d402b33d9dBb06af020d948C492b0359,1000
312,1680.333333,0x3075BC64d402b33d9dBb06af020d948C492b0359,1000
313,1761,0x3075BC64d402b33d9dBb06af020d948C492b0359,1000
314,1870.833333,0x3075BC64d402b33d9dBb06af020d948C492b0359,1000
315,1940.333333,0x3075BC64d402b33d9dBb06af020d948C492b0359,1000
316,1980.333333,0x3075BC64d402b33d9dBb06af020d948C492b0359,1000
317,1979.666667,0x3075BC64d402b33d9dBb06af020d948C492b0359,1000
318,1949.833333,0x3075BC64d402b33d9dBb06af020d948C492b0359,1000
319,1868.833333,0x3075BC64d402b33d9dBb06af020d948C492b0359,1000
320,1698.333333,0x3075BC64d402b33d9dBb06af020d948C492b0359,1000
321,1498.333333,0x3075BC64d402b33d9dBb06af020d948C492b0359,1000
322,1298.333333,0x3075BC64d402b33d9dBb06af020d948C492b0359,1000
323,501.6666667,0x3075BC64d402b33d9dBb06af020d948C492b0359,1000
324,630.5,0x3075BC64d402b33d9dBb06af020d948C492b0359,1000
325,690.5,0x3075BC64d402b33d9dBb06af020d948C492b0359,1000
326,747.45,0x3075BC64d402b33d9dBb06af020d948C492b0359,1000
327,787.2166667,0x3075BC64d402b33d9dBb06af020d948C492b0359,1000
328,820.3333333,0x3075BC64d402b33d9dBb06af020d948C492b0359,1000
329,870.5,0x3075BC64d402b33d9dBb06af020d948C492b0359,1000
330,971.1666667,0x3075BC64d402b33d9dBb06af020d948C492b0359,1000
331,1050.166667,0x3075BC64d402b33d9dBb06af020d948C492b0359,1000
332,1090.5,0x3075BC64d402b33d9dBb06af020d948C492b0359,1000
333,1364,0x3075BC64d402b33d9dBb06af020d948C492b0359,1000
334,1630.5,0x3075BC64d402b33d9dBb06af020d948C492b0359,1000
335,1680.333333,0x3075BC64d402b33d9dBb06af020d948C492b0359,1000
336,1761,0x3075BC64d402b33d9dBb06af020d948C492b0359,1000
337,1870.833333,0x3075BC64d402b33d9dBb06af020d948C492b0359,1000
338,1940.333333,0x3075BC64d402b33d9dBb06af020d948C492b0359,1000
339,1980.333333,0x3075BC64d402b33d9dBb06af020d948C492b0359,1000
340,1979.666667,0x3075BC64d402b33d9dBb06af020d948C492b0359,1000
341,1949.833333,0x3075BC64d402b33d9dBb06af020d948C492b0359,1000
342,1868.833333,0x3075BC64d402b33d9dBb06af020d948C492b0359,1000
343,1698.333333,0x3075BC64d402b33d9dBb06af020d948C492b0359,1000
344,1498.333333,0x3075BC64d402b33d9dBb06af020d948C492b0359,1000
345,1298.333333,0x3075BC64d402b33d9dBb06af020d948C492b0359,1000
346,501.6666667,0x3075BC64d402b33d9dBb06af020d948C492b0359,1000
347,630.5,0x3075BC64d402b33d9dBb06af020d948C492b0359,1000
348,690.5,0x3075BC64d402b33d9dBb06af020d948C492b0359,1000
349,747.45,0x3075BC64d402b33d9dBb06af020d948C492b0359,1000
350,787.2166667,0x3075BC64d402b33d9dBb06af020d948C492b0359,1000
351,820.3333333,0x3075BC64d402b33d9dBb06af020d948C492b0359,1000
352,870.5,0x3075BC64d402b33d9dBb06af020d948C492b0359,1000
353,971.1666667,0x3075BC64d402b33d9dBb06af020d948C492b0359,1000
354,1050.166667,0x3075BC64d402b33d9dBb06af020d948C492b0359,1000
355,1090.5,0x3075BC64d402b33d9dBb06af020d948C492b0359,1000
356,1364,0x3075BC64d402b33d9dBb06af020d948C492b0359,1000
357,1630.5,0x3075BC64d402b33d9dBb06af020d948C492b0359,1000
358,1680.333333,0x3075BC64d402b33d9dBb06af020d948C492b0359,1000
359,1761,0x3075BC64d402b33d9dBb06af020d948C492b0359,1000
360,1870.833333,0x3075BC64d402b33d9dBb06af020d948C492b0359,1000
361,1940.333333,0x3075BC64d402b33d9dBb06af020d948C492b0359,1000
362,1980.333333,0x3075BC64d402b33d9dBb06af020d948C492b0359,1000
363,1979.666667,0x3075BC64d402b33d9dBb06af020d948C492b0359,1000
364,1949.833333,0x3075BC64d402b33d9dBb06af020d948C492b0359,1000
365,1868.833333,0x3075BC64d402b33d9dBb06af020d948C492b0359,1000
366,1698.333333,0x3075BC64d402b33d9dBb06af020d948C492b0359,1000
367,1498.333333,0x3075BC64d402b33d9dBb06af020d948C492b0359,1000
368,1298.333333,0x3075BC64d402b33d9dBb06af020d948C492b0359,1000
369,501.6666667,0x3075BC64d402b33d9dBb06af020d948C492b0359,1000
370,630.5,0x3075BC64d402b33d9dBb06af020d948C492b0359,1000
371,690.5,0x3075BC64d402b33d9dBb06af020d948C492b0359,1000
372,747.45,0x3075BC64d402b33d9dBb06af020d948C492b0359,1000
373,787.2166667,0x3075BC64d402b33d9dBb06af020d948C492b0359,1000
374,820.3333333,0x3075BC64d402b33d9dBb06af020d948C492b0359,1000
375,870.5,0x3075BC64d402b33d9dBb06af020d948C492b0359,1000
376,971.1666667,0x3075BC64d402b33d9dBb06af020d948C492b0359,1000
377,1050.166667,0x3075BC64d402b33d9dBb06af020d948C492b0359,1000
378,1090.5,0x3075BC64d402b33d9dBb06af020d948C492b0359,1000
379,1364,0x3075BC64d402b33d9dBb06af020d948C492b0359,1000
380,1630.5,0x3075BC64d402b33d9dBb06af020d948C492b0359,1000
381,1680.333333,0x3075BC64d402b33d9dBb06af020d948C492b0359,1000
382,1761,0x3075BC64d402b33d9dBb06af020d948C492b0359,1000
383,1870.833333,0x3075BC64d402b33d9dBb06af020d948C492b0359,1000
384,1940.333333,0x3075BC64d402b33d9dBb06af020d948C492b0359,1000
385,1980.333333,0x3075BC64d402b33d9dBb06af020d948C492b0359,1000
386,1979.666667,0x3075BC64d402b33d9dBb06af020d948C492b0359,1000
387,1949.833333,0x3075BC64d402b33d9dBb06af020d948C492b0359,1000
388,1868.833333,0x3075BC64d402b33d9dBb06af020d948C492b0359,1000
389,1698.333333,0x3075BC64d402b33d9dBb06af020d948C492b0359,1000
390,1498.333333,0x3075BC64d402b33d9dBb06af020d948C492b0359,1000
391,1298.333333,0x3075BC64d402b33d9dBb06af020d948C492b0359,1000
392,501.6666667,0x3075BC64d402b33d9dBb06af020d948C492b0359,1000
393,630.5,0x3075BC64d402b33d9dBb06af020d948C492b0359,1000
394,690.5,0x3075BC64d402b33d9dBb06af020d948C492b0359,1000
395,747.45,0x3075BC64d402b33d9dBb06af020d948C492b0359,1000
396,787.2166667,0x3075BC64d402b33d9dBb06af020d948C492b0359,1000
397,820.3333333,0x3075BC64d402b33d9dBb06af020d948C492b0359,1000
398,870.5,0x3075BC64d402b33d9dBb06af020d948C492b0359,1000
399,971.1666667,0x3075BC64d402b33d9dBb06af020d948C492b0359,1000
400,1050.166667,0x3075BC64d402b33d9dBb06af020d948C492b0359,1000
401,1090.5,0x3075BC64d402b33d9dBb06af020d948C492b0359,1000
402,1364,0x3075BC64d402b33d9dBb06af020d948C492b0359,1000
403,1630.5,0x3075BC64d402b33d9dBb06af020d948C492b0359,1000
404,1680.333333,0x3075BC64d402b33d9dBb06af020d948C492b0359,1000
405,1761,0x3075BC64d402b33d9dBb06af020d948C492b0359,1000
406,1870.833333,0x3075BC64d402b33d9dBb06af020d948C492b0359,1000
407,1940.333333,0x3075BC64d402b33d9dBb06af020d948C492b0359,1000
408,1980.333333,0x3075BC64d402b33d9dBb06af020d948C492b0359,1000
409,1979.666667,0x3075BC64d402b33d9dBb06af020d948C492b0359,1000
410,1949.833333,0x3075BC64d402b33d9dBb06af020d948C492b0359,1000
411,1868.833333,0x3075BC64d402b33d9dBb06af020d948C492b0359,1000
412,1698.333333,0x3075BC64d402b33d9dBb06af020d948C492b0359,1000
413,1498.333333,0x3075BC64d402b33d9dBb06af020d948C492b0359,1000
414,1298.333333,0x3075BC64d402b33d9dBb06af020d948C492b0359,1000
415,501.6666667,0x3075BC64d402b33d9dBb06af020d948C492b0359,1000
416,630.5,0x3075BC64d402b33d9dBb06af020d948C492b0359,1000
417,690.5,0x3075BC64d402b33d9dBb06af020d948C492b0359,1000
418,747.45,0x3075BC64d402b33d9dBb06af020d948C492b0359,1000
419,787.2166667,0x3075BC64d402b33d9dBb06af020d948C492b0359,1000
420,820.3333333,0x3075BC64d402b33d9dBb06af020d948C492b0359,1000
421,870.5,0x3075BC64d402b33d9dBb06af020d948C492b0359,1000
422,971.1666667,0x3075BC64d402b33d9dBb06af020d948C492b0359,1000
423,1050.166667,0x3075BC64d402b33d9dBb06af020d948C492b0359,1000
424,1090.5,0x3075BC64d402b33d9dBb06af020d948C492b0359,1000
425,1364,0x3075BC64d402b33d9dBb06af020d948C492b0359,1000
426,1630.5,0x3075BC64d402b33d9dBb06af020d948C492b0359,1000
427,1680.333333,0x3075BC64d402b33d9dBb06af020d948C492b0359,1000
428,1761,0x3075BC64d402b33d9dBb06af020d948C492b0359,1000
429,1870.833333,0x3075BC64d402b33d9dBb06af020d948C492b0359,1000
430,1940.333333,0x3075BC64d402b33d9dBb06af020d948C492b0359,1000
431,1980.333333,0x3075BC64d402b33d9dBb06af020d948C492b0359,1000
432,1979.666667,0x3075BC64d402b33d9dBb06af020d948C492b0359,1000
433,1949.833333,0x3075BC64d402b33d9dBb06af020d948C492b0359,1000
434,1868.833333,0x3075BC64d402b33d9dBb06af020d948C492b0359,1000
435,1698.333333,0x3075BC64d402b33d9dBb06af020d948C492b0359,1000
436,1498.333333,0x3075BC64d402b33d9dBb06af020d948C492b0359,1000
437,1298.333333,0x3075BC64d402b33d9dBb06af020d948C492b0359,1000
438,501.6666667,0x3075BC64d402b33d9dBb06af020d948C492b0359,1000
439,630.5,0x3075BC64d402b33d9dBb06af020d948C492b0359,1000
440,690.5,0x3075BC64d402b33d9dBb06af020d948C492b0359,1000
441,747.45,0x3075BC64d402b33d9dBb06af020d948C492b0359,1000
442,787.2166667,0x3075BC64d402b33d9dBb06af020d948C492b0359,1000
443,820.3333333,0x3075BC64d402b33d9dBb06af020d948C492b0359,1000
444,870.5,0x3075BC64d402b33d9dBb06af020d948C492b0359,1000
445,971.1666667,0x3075BC64d402b33d9dBb06af020d948C492b0359,1000
446,1050.166667,0x3075BC64d402b33d9dBb06af020d948C492b0359,1000
447,1090.5,0x3075BC64d402b33d9dBb06af020d948C492b0359,1000
448,1364,0x3075BC64d402b33d9dBb06af020d948C492b0359,1000
449,1630.5,0x3075BC64d402b33d9dBb06af020d948C492b0359,1000
450,1680.333333,0x3075BC64d402b33d9dBb06af020d948C492b0359,1000
451,1761,0x3075BC64d402b33d9dBb06af020d948C492b0359,1000
452,1870.833333,0x3075BC64d402b33d9dBb06af020d948C492b0359,1000
453,1940.333333,0x3075BC64d402b33d9dBb06af020d948C492b0359,1000
454,1980.333333,0x3075BC64d402b33d9dBb06af020d948C492b0359,1000
455,1979.666667,0x3075BC64d402b33d9dBb06af020d948C492b0359,1000
456,1949.833333,0x3075BC64d402b33d9dBb06af020d948C492b0359,1000
457,1868.833333,0x3075BC64d402b33d9dBb06af020d948C492b0359,1000
458,1698.333333,0x3075BC64d402b33d9dBb06af020d948C492b0359,1000
459,1498.333333,0x3075BC64d402b33d9dBb06af020d948C492b0359,1000
460,1298.333333,0x3075BC64d402b33d9dBb06af020d948C492b0359,1000
461,501.6666667,0x3075BC64d402b33d9dBb06af020d948C492b0359,1000
462,630.5,0x3075BC64d402b33d9dBb06af020d948C492b0359,1000
463,690.5,0x3075BC64d402b33d9dBb06af020d948C492b0359,1000
464,747.45,0x3075BC64d402b33d9dBb06af020d948C492b0359,1000
465,787.2166667,0x3075BC64d402b33d9dBb06af020d948C492b0359,1000
466,820.3333333,0x3075BC64d402b33d9dBb06af020d948C492b0359,1000
467,870.5,0x3075BC64d402b33d9dBb06af020d948C492b0359,1000
468,971.1666667,0x3075BC64d402b33d9dBb06af020d948C492b0359,1000
469,1050.166667,0x3075BC64d402b33d9dBb06af020d948C492b0359,1000
470,1090.5,0x3075BC64d402b33d9dBb06af020d948C492b0359,1000
471,1364,0x3075BC64d402b33d9dBb06af020d948C492b0359,1000
472,1630.5,0x3075BC64d402b33d9dBb06af020d948C492b0359,1000
473,1680.333333,0x3075BC64d402b33d9dBb06af020d948C492b0359,1000
474,1761,0x3075BC64d402b33d9dBb06af020d948C492b0359,1000
475,1870.833333,0x3075BC64d402b33d9dBb06af020d948C492b0359,1000
476,1940.333333,0x3075BC64d402b33d9dBb06af020d948C492b0359,1000
477,1980.333333,0x3075BC64d402b33d9dBb06af020d948C492b0359,1000
478,1979.666667,0x3075BC64d402b33d9dBb06af020d948C492b0359,1000
479,1949.833333,0x3075BC64d402b33d9dBb06af020d948C492b0359,1000
480,1868.833333,0x3075BC64d402b33d9dBb06af020d948C492b0359,1000
481,1698.333333,0x3075BC64d402b33d9dBb06af020d948C492b0359,1000
482,1498.333333,0x3075BC64d402b33d9dBb06af020d948C492b0359,1000
483,1298.333333,0x3075BC64d402b33d9dBb06af020d948C492b0359,1000
484,501.6666667,0x3075BC64d402b33d9dBb06af020d948C492b0359,1000
485,630.5,0x3075BC64d402b33d9dBb06af020d948C492b0359,1000
486,690.5,0x3075BC64d402b33d9dBb06af020d948C492b0359,1000
487,747.45,0x3075BC64d402b33d9dBb06af020d948C492b0359,1000
488,787.2166667,0x3075BC64d402b33d9dBb06af020d948C492b0359,1000
489,820.3333333,0x3075BC64d402b33d9dBb06af020d948C492b0359,1000
490,870.5,0x3075BC64d402b33d9dBb06af020d948C492b0359,1000
491,971.1666667,0x3075BC64d402b33d9dBb06af020d948C492b0359,1000
492,1050.166667,0x3075BC64d402b33d9dBb06af020d948C492b0359,1000
493,1090.5,0x3075BC64d402b33d9dBb06af020d948C492b0359,1000
494,1364,0x3075BC64d402b33d9dBb06af020d948C492b0359,1000
495,1630.5,0x3075BC64d402b33d9dBb06af020d948C492b0359,1000
496,1680.333333,0x3075BC64d402b33d9dBb06af020d948C492b0359,1000
497,1761,0x3075BC64d402b33d9dBb06af020d948C492b0359,1000
498,1870.833333,0x3075BC64d402b33d9dBb06af020d948C492b0359,1000
499,1940.333333,0x3075BC64d402b33d9dBb06af020d948C492b0359,1000
500,1980.333333,0x3075BC64d402b33d9dBb06af020d948C492b0359,1000
501,1979.666667,0x3075BC64d402b33d9dBb06af020d948C492b0359,1000
502,1949.833333,0x3075BC64d402b33d9dBb06af020d948C492b0359,1000
503,1868.833333,0x3075BC64d402b33d9dBb06af020d948C492b0359,1000
504,1698.333333,0x3075BC64d402b33d9dBb06af020d948C492b0359,1000
505,1498.333333,0x3075BC64d402b33d9dBb06af020d948C492b0359,1000
506,1298.333333,0x3075BC64d402b33d9dBb06af020d948C492b0359,1000
507,501.6666667,0x3075BC64d402b33d9dBb06af020d948C492b0359,1000
508,630.5,0x3075BC64d402b33d9dBb06af020d948C492b0359,1000
509,690.5,0x3075BC64d402b33d9dBb06af020d948C492b0359,1000
510,747.45,0x3075BC64d402b33d9dBb06af020d948C492b0359,1000
511,787.2166667,0x3075BC64d402b33d9dBb06af020d948C492b0359,1000
512,820.3333333,0x3075BC64d402b33d9dBb06af020d948C492b0359,1000
513,870.5,0x3075BC64d402b33d9dBb06af020d948C492b0359,1000
514,971.1666667,0x3075BC64d402b33d9dBb06af020d948C492b0359,1000
515,1050.166667,0x3075BC64d402b33d9dBb06af020d948C492b0359,1000
516,1090.5,0x3075BC64d402b33d9dBb06af020d948C492b0359,1000
517,1364,0x3075BC64d402b33d9dBb06af020d948C492b0359,1000
518,1630.5,0x3075BC64d402b33d9dBb06af020d948C492b0359,1000
519,1680.333333,0x3075BC64d402b33d9dBb06af020d948C492b0359,1000
520,1761,0x3075BC64d402b33d9dBb06af020d948C492b0359,1000
521,1870.833333,0x3075BC64d402b33d9dBb06af020d948C492b0359,1000
522,1940.333333,0x3075BC64d402b33d9dBb06af020d948C492b0359,1000
523,1980.333333,0x3075BC64d402b33d9dBb06af020d948C492b0359,1000
524,1979.666667,0x3075BC64d402b33d9dBb06af020d948C492b0359,1000
525,1949.833333,0x3075BC64d402b33d9dBb06af020d948C492b0359,1000
526,1868.833333,0x3075BC64d402b33d9dBb06af020d948C492b0359,1000
527,1698.333333,0x3075BC64d402b33d9dBb06af020d948C492b0359,1000
528,1498.333333,0x3075BC64d402b33d9dBb06af020d948C492b0359,1000
529,1298.333333,0x3075BC64d402b33d9dBb06af020d948C492b0359,1000
530,501.6666667,0x3075BC64d402b33d9dBb06af020d948C492b0359,1000
531,630.5,0x3075BC64d402b33d9dBb06af020d948C492b0359,1000
532,690.5,0x3075BC64d402b33d9dBb06af020d948C492b0359,1000
533,747.45,0x3075BC64d402b33d9dBb06af020d948C492b0359,1000
534,787.2166667,0x3075BC64d402b33d9dBb06af020d948C492b0359,1000
535,820.3333333,0x3075BC64d402b33d9dBb06af020d948C492b0359,1000
536,870.5,0x3075BC64d402b33d9dBb06af020d948C492b0359,1000
537,971.1666667,0x3075BC64d402b33d9dBb06af020d948C492b0359,1000
538,1050.166667,0x3075BC64d402b33d9dBb06af020d948C492b0359,1000
539,1090.5,0x3075BC64d402b33d9dBb06af020d948C492b0359,1000
540,1364,0x3075BC64d402b33d9dBb06af020d948C492b0359,1000
541,1630.5,0x3075BC64d402b33d9dBb06af020d948C492b0359,1000
542,1680.333333,0x3075BC64d402b33d9dBb06af020d948C492b0359,1000
543,1761,0x3075BC64d402b33d9dBb06af020d948C492b0359,1000
544,1870.833333,0x3075BC64d402b33d9dBb06af020d948C492b0359,1000
545,1940.333333,0x3075BC64d402b33d9dBb06af020d948C492b0359,1000
546,1980.333333,0x3075BC64d402b33d9dBb06af020d948C492b0359,1000
547,1979.666667,0x3075BC64d402b33d9dBb06af020d948C492b0359,1000
548,1949.833333,0x3075BC64d402b33d9dBb06af020d948C492b0359,1000
549,1868.833333,0x3075BC64d402b33d9dBb06af020d948C492b0359,1000
550,1698.333333,0x3075BC64d402b33d9dBb06af020d948C492b0359,1000
551,1498.333333,0x3075BC64d402b33d9dBb06af020d948C492b0359,1000
552,1298.333333,0x3075BC64d402b33d9dBb06af020d948C492b0359,1000
553,501.6666667,0x3075BC64d402b33d9dBb06af020d948C492b0359,1000
554,630.5,0x3075BC64d402b33d9dBb06af020d948C492b0359,1000
555,690.5,0x3075BC64d402b33d9dBb06af020d948C492b0359,1000
556,747.45,0x3075BC64d402b33d9dBb06af020d948C492b0359,1000
557,787.2166667,0x3075BC64d402b33d9dBb06af020d948C492b0359,1000
558,820.3333333,0x3075BC64d402b33d9dBb06af020d948C492b0359,1000
559,870.5,0x3075BC64d402b33d9dBb06af020d948C492b0359,1000
560,971.1666667,0x3075BC64d402b33d9dBb06af020d948C492b0359,1000
561,1050.166667,0x3075BC64d402b33d9dBb06af020d948C492b0359,1000
562,1090.5,0x3075BC64d402b33d9dBb06af020d948C492b0359,1000
563,1364,0x3075BC64d402b33d9dBb06af020d948C492b0359,1000
564,1630.5,0x3075BC64d402b33d9dBb06af020d948C492b0359,1000
565,1680.333333,0x3075BC64d402b33d9dBb06af020d948C492b0359,1000
566,1761,0x3075BC64d402b33d9dBb06af020d948C492b0359,1000
567,1870.833333,0x3075BC64d402b33d9dBb06af020d948C492b0359,1000
568,1940.333333,0x3075BC64d402b33d9dBb06af020d948C492b0359,1000
569,1980.333333,0x3075BC64d402b33d9dBb06af020d948C492b0359,1000
570,1979.666667,0x3075BC64d402b33d9dBb06af020d948C492b0359,1000
571,1949.833333,0x3075BC64d402b33d9dBb06af020d948C492b0359,1000
572,1868.833333,0x3075BC64d402b33d9dBb06af020d948C492b0359,1000
573,1698.333333,0x3075BC64d402b33d9dBb06af020d948C492b0359,1000
574,1498.333333,0x3075BC64d402b33d9dBb06af020d948C492b0359,1000
575,1298.333333,0x3075BC64d402b33d9dBb06af020d948C492b0359,1000
576,501.6666667,0x3075BC64d402b33d9dBb06af020d948C492b0359,1000
577,630.5,0x3075BC64d402b33d9dBb06af020d948C492b0359,1000
578,690.5,0x3075BC64d402b33d9dBb06af020d948C492b0359,1000
579,747.45,0x3075BC64d402b33d9dBb06af020d948C492b0359,1000
580,787.2166667,0x3075BC64d402b33d9dBb06af020d948C492b0359,1000
581,820.3333333,0x3075BC64d402b33d9dBb06af020d948C492b0359,1000
582,870.5,0x3075BC64d402b33d9dBb06af020d948C492b0359,1000
583,971.1666667,0x3075BC64d402b33d9dBb06af020d948C492b0359,1000
584,1050.166667,0x3075BC64d402b33d9dBb06af020d948C492b0359,1000
585,1090.5,0x3075BC64d402b33d9dBb06af020d948C492b0359,1000
586,1364,0x3075BC64d402b33d9dBb06af020d948C492b0359,1000
587,1630.5,0x3075BC64d402b33d9dBb06af020d948C492b0359,1000
588,1680.333333,0x3075BC64d402b33d9dBb06af020d948C492b0359,1000
589,1761,0x3075BC64d402b33d9dBb06af020d948C492b0359,1000
590,1870.833333,0x3075BC64d402b33d9dBb06af020d948C492b0359,1000
591,1940.333333,0x3075BC64d402b33d9dBb06af020d948C492b0359,1000
592,1980.333333,0x3075BC64d402b33d9dBb06af020d948C492b0359,1000
593,1979.666667,0x3075BC64d402b33d9dBb06af020d948C492b0359,1000
594,1949.833333,0x3075BC64d402b33d9dBb06af020d948C492b0359,1000
595,1868.833333,0x3075BC64d402b33d9dBb06af020d948C492b0359,1000
596,1698.333333,0x3075BC64d402b33d9dBb06af020d948C492b0359,1000
597,1498.333333,0x3075BC64d402b33d9dBb06af020d948C492b0359,1000
598,1298.333333,0x3075BC64d402b33d9dBb06af020d948C492b0359,1000
599,501.6666667,0x3075BC64d402b33d9dBb06af020d948C492b0359,1000
600,630.5,0x3075BC64d402b33d9dBb06af020d948C492b0359,1000
601,690.5,0x3075BC64d402b33d9dBb06af020d948C492b0359,1000
602,747.45,0x3075BC64d402b33d9dBb06af020d948C492b0359,1000
603,787.2166667,0x3075BC64d402b33d9dBb06af020d948C492b0359,1000
604,820.3333333,0x3075BC64d402b33d9dBb06af020d948C492b0359,1000
605,870.5,0x3075BC64d402b33d9dBb06af020d948C492b0359,1000
606,971.1666667,0x3075BC64d402b33d9dBb06af020d948C492b0359,1000
607,1050.166667,0x3075BC64d402b33d9dBb06af020d948C492b0359,1000
608,1090.5,0x3075BC64d402b33d9dBb06af020d948C492b0359,1000
609,1364,0x3075BC64d402b33d9dBb06af020d948C492b0359,1000
610,1630.5,0x3075BC64d402b33d9dBb06af020d948C492b0359,1000
611,1680.333333,0x3075BC64d402b33d9dBb06af020d948C492b0359,1000
612,1761,0x3075BC64d402b33d9dBb06af020d948C492b0359,1000
613,1870.833333,0x3075BC64d402b33d9dBb06af020d948C492b0359,1000
614,1940.333333,0x3075BC64d402b33d9dBb06af020d948C492b0359,1000
615,1980.333333,0x3075BC64d402b33d9dBb06af020d948C492b0359,1000
616,1979.666667,0x3075BC64d402b33d9dBb06af020d948C492b0359,1000
617,1949.833333,0x3075BC64d402b33d9dBb06af020d948C492b0359,1000
618,1868.833333,0x3075BC64d402b33d9dBb06af020d948C492b0359,1000
619,1698.333333,0x3075BC64d402b33d9dBb06af020d948C492b0359,1000
620,1498.333333,0x3075BC64d402b33d9dBb06af020d948C492b0359,1000
621,1298.333333,0x3075BC64d402b33d9dBb06af020d948C492b0359,1000
622,501.6666667,0x3075BC64d402b33d9dBb06af020d948C492b0359,1000
623,630.5,0x3075BC64d402b33d9dBb06af020d948C492b0359,1000
624,690.5,0x3075BC64d402b33d9dBb06af020d948C492b0359,1000
625,747.45,0x3075BC64d402b33d9dBb06af020d948C492b0359,1000
626,787.2166667,0x3075BC64d402b33d9dBb06af020d948C492b0359,1000
627,820.3333333,0x3075BC64d402b33d9dBb06af020d948C492b0359,1000
628,870.5,0x3075BC64d402b33d9dBb06af020d948C492b0359,1000
629,971.1666667,0x3075BC64d402b33d9dBb06af020d948C492b0359,1000
630,1050.166667,0x3075BC64d402b33d9dBb06af020d948C492b0359,1000
631,1090.5,0x3075BC64d402b33d9dBb06af020d948C492b0359,1000
632,1364,0x3075BC64d402b33d9dBb06af020d948C492b0359,1000
633,1630.5,0x3075BC64d402b33d9dBb06af020d948C492b0359,1000
634,1680.333333,0x3075BC64d402b33d9dBb06af020d948C492b0359,1000
635,1761,0x3075BC64d402b33d9dBb06af020d948C492b0359,1000
636,1870.833333,0x3075BC64d402b33d9dBb06af020d948C492b0359,1000
637,1940.333333,0x3075BC64d402b33d9dBb06af020d948C492b0359,1000
638,1980.333333,0x3075BC64d402b33d9dBb06af020d948C492b0359,1000
639,1979.666667,0x3075BC64d402b33d9dBb06af020d948C492b0359,1000
640,1949.833333,0x3075BC64d402b33d9dBb06af020d948C492b0359,1000
641,1868.833333,0x3075BC64d402b33d9dBb06af020d948C492b0359,1000
642,1698.333333,0x3075BC64d402b33d9dBb06af020d948C492b0359,1000
643,1498.333333,0x3075BC64d402b33d9dBb06af020d948C492b0359,1000
644,1298.333333,0x3075BC64d402b33d9dBb06af020d948C492b0359,1000
645,501.6666667,0x3075BC64d402b33d9dBb06af020d948C492b0359,1000
646,630.5,0x3075BC64d402b33d9dBb06af020d948C492b0359,1000
647,690.5,0x3075BC64d402b33d9dBb06af020d948C492b0359,1000
648,747.45,0x3075BC64d402b33d9dBb06af020d948C492b0359,1000
649,787.2166667,0x3075BC64d402b33d9dBb06af020d948C492b0359,1000
650,820.3333333,0x3075BC64d402b33d9dBb06af020d948C492b0359,1000
651,870.5,0x3075BC64d402b33d9dBb06af020d948C492b0359,1000
652,971.1666667,0x3075BC64d402b33d9dBb06af020d948C492b0359,1000
653,1050.166667,0x3075BC64d402b33d9dBb06af020d948C492b0359,1000
654,1090.5,0x3075BC64d402b33d9dBb06af020d948C492b0359,1000
655,1364,0x3075BC64d402b33d9dBb06af020d948C492b0359,1000
656,1630.5,0x3075BC64d402b33d9dBb06af020d948C492b0359,1000
657,1680.333333,0x3075BC64d402b33d9dBb06af020d948C492b0359,1000
658,1761,0x3075BC64d402b33d9dBb06af020d948C492b0359,1000
659,1870.833333,0x3075BC64d402b33d9dBb06af020d948C492b0359,1000
660,1940.333333,0x3075BC64d402b33d9dBb06af020d948C492b0359,1000
661,1980.333333,0x3075BC64d402b33d9dBb06af020d948C492b0359,1000
662,1979.666667,0x3075BC64d402b33d9dBb06af020d948C492b0359,1000
663,1949.833333,0x3075BC64d402b33d9dBb06af020d948C492b0359,1000
664,1868.833333,0x3075BC64d402b33d9dBb06af020d948C492b0359,1000
665,1698.333333,0x3075BC64d402b33d9dBb06af020d948C492b0359,1000
666,1498.333333,0x3075BC64d402b33d9dBb06af020d948C492b0359,1000
667,1298.333333,0x3075BC64d402b33d9dBb06af020d948C492b0359,1000
668,501.6666667,0x3075BC64d402b33d9dBb06af020d948C492b0359,1000
669,630.5,0x3075BC64d402b33d9dBb06af020d948C492b0359,1000
670,690.5,0x3075BC64d402b33d9dBb06af020d948C492b0359,1000
671,747.45,0x3075BC64d402b33d9dBb06af020d948C492b0359,1000
672,787.2166667,0x3075BC64d402b33d9dBb06af020d948C492b0359,1000
673,820.3333333,0x3075BC64d402b33d9dBb06af020d948C492b0359,1000
674,870.5,0x3075BC64d402b33d9dBb06af020d948C492b0359,1000
675,971.1666667,0x3075BC64d402b33d9dBb06af020d948C492b0359,1000
676,1050.166667,0x3075BC64d402b33d9dBb06af020d948C492b0359,1000
677,1090.5,0x3075BC64d402b33d9dBb06af020d948C492b0359,1000
678,1364,0x3075BC64d402b33d9dBb06af020d948C492b0359,1000
679,1630.5,0x3075BC64d402b33d9dBb06af020d948C492b0359,1000
680,1680.333333,0x3075BC64d402b33d9dBb06af020d948C492b0359,1000
681,1761,0x3075BC64d402b33d9dBb06af020d948C492b0359,1000
682,1870.833333,0x3075BC64d402b33d9dBb06af020d948C492b0359,1000
683,1940.333333,0x3075BC64d402b33d9dBb06af020d948C492b0359,1000
684,1980.333333,0x3075BC64d402b33d9dBb06af020d948C492b0359,1000
685,1979.666667,0x3075BC64d402b33d9dBb06af020d948C492b0359,1000
686,1949.833333,0x3075BC64d402b33d9dBb06af020d948C492b0359,1000
687,1868.833333,0x3075BC64d402b33d9dBb06af020d948C492b0359,1000
688,1698.333333,0x3075BC64d402b33d9dBb06af020d948C492b0359,1000
689,1498.333333,0x3075BC64d402b33d9dBb06af020d948C492b0359,1000
690,1298.333333,0x3075BC64d402b33d9dBb06af020d948C492b0359,1000
691,501.6666667,0x3075BC64d402b33d9dBb06af020d948C492b0359,1000
692,630.5,0x3075BC64d402b33d9dBb06af020d948C492b0359,1000
693,690.5,0x3075BC64d402b33d9dBb06af020d948C492b0359,1000
694,747.45,0x3075BC64d402b33d9dBb06af020d948C492b0359,1000
695,787.2166667,0x3075BC64d402b33d9dBb06af020d948C492b0359,1000
696,820.3333333,0x3075BC64d402b33d9dBb06af020d948C492b0359,1000
697,870.5,0x3075BC64d402b33d9dBb06af020d948C492b0359,1000
698,971.1666667,0x3075BC64d402b33d9dBb06af020d948C492b0359,1000
699,1050.166667,0x3075BC64d402b33d9dBb06af020d948C492b0359,1000
700,1090.5,0x3075BC64d402b33d9dBb06af020d948C492b0359,1000
701,1364,0x3075BC64d402b33d9dBb06af020d948C492b0359,1000
702,1630.5,0x3075BC64d402b33d9dBb06af020d948C492b0359,1000
703,1680.333333,0x3075BC64d402b33d9dBb06af020d948C492b0359,1000
704,1761,0x3075BC64d402b33d9dBb06af020d948C492b0359,1000
705,1870.833333,0x3075BC64d402b33d9dBb06af020d948C492b0359,1000
706,1940.333333,0x3075BC64d402b33d9dBb06af020d948C492b0359,1000
707,1980.333333,0x3075BC64d402b33d9dBb06af020d948C492b0359,1000
708,1979.666667,0x3075BC64d402b33d9dBb06af020d948C492b0359,1000
709,1949.833333,0x3075BC64d402b33d9dBb06af020d948C492b0359,1000
710,1868.833333,0x3075BC64d402b33d9dBb06af020d948C492b0359,1000
711,1698.333333,0x3075BC64d402b33d9dBb06af020d948C492b0359,1000
712,1498.333333,0x3075BC64d402b33d9dBb06af020d948C492b0359,1000
713,1298.333333,0x3075BC64d402b33d9dBb06af020d948C492b0359,1000
714,501.6666667,0x3075BC64d402b33d9dBb06af020d948C492b0359,1000
715,630.5,0x3075BC64d402b33d9dBb06af020d948C492b0359,1000
716,690.5,0x3075BC64d402b33d9dBb06af020d948C492b0359,1000
717,747.45,0x3075BC64d402b33d9dBb06af020d948C492b0359,1000
718,787.2166667,0x3075BC64d402b33d9dBb06af020d948C492b0359,1000
719,820.3333333,0x3075BC64d402b33d9dBb06af020d948C492b0359,1000
720,870.5,0x3075BC64d402b33d9dBb06af020d948C492b0359,1000
